<?xml version="1.0" encoding="UTF-8"?>
<!--
  Copyright (C) 2016 eXo Platform SAS.

  This is free software; you can redistribute it and/or modify it
  under the terms of the GNU Lesser General Public License as
  published by the Free Software Foundation; either version 2.1 of
  the License, or (at your option) any later version.

  This software is distributed in the hope that it will be useful,
  but WITHOUT ANY WARRANTY; without even the implied warranty of
  MERCHANTABILITY or FITNESS FOR A PARTICULAR PURPOSE. See the GNU
  Lesser General Public License for more details.

  You should have received a copy of the GNU Lesser General Public
  License along with this software; if not, write to the Free
  Software Foundation, Inc., 51 Franklin St, Fifth Floor, Boston, MA
  02110-1301 USA, or see the FSF site: http://www.fsf.org.
-->
<configuration xmlns:xsi="http://www.w3.org/2001/XMLSchema-instance"
               xsi:schemaLocation="http://www.exoplatform.org/xml/ns/kernel_1_2.xsd http://www.exoplatform.org/xml/ns/kernel_1_2.xsd"
               xmlns="http://www.exoplatform.org/xml/ns/kernel_1_2.xsd">

    <external-component-plugins>
        <target-component>org.exoplatform.container.definition.PortalContainerConfig</target-component>
        <component-plugin>
            <name>Change PortalContainer Definitions</name>
            <set-method>registerChangePlugin</set-method>
            <type>org.exoplatform.container.definition.PortalContainerDefinitionChangePlugin</type>
            <priority>1000</priority>
            <init-params>
                <value-param>
                    <name>apply.default</name>
                    <value>true</value>
                </value-param>
                <object-param>
                    <name>change</name>
                    <object type="org.exoplatform.container.definition.PortalContainerDefinitionChange$AddDependencies">
                        <field name="dependencies">
                            <collection type="java.util.ArrayList">
                                <value>
                                    <string>photo-localization-portlets</string>
                                </value>
                            </collection>
                        </field>
                    </object>
                </object-param>
            </init-params>
        </component-plugin>
    </external-component-plugins>
</configuration>